{
  "topics": {
    "math": [
      {
        "name": "Khan Academy",
        "link": "https://www.khanacademy.org",
        "description": "decent for ground up learning, from elementary concepts all the way to Calculus II, also it covers various fields of study that you can benefit from"
      },
      {
        "name": "Dr. Trefor Bazett (YouTube)",
        "link": "https://www.youtube.com/@DrTrefor",
        "description": "Discrete Mathematics - Clear explanations"
      },
      {
        "name": "Project Euler",
        "link": "https://www.projecteuler.net/archives",
        "description": "seemingly infinite logical and algorithmic problems"
      },
      {
        "name": "Kenneth H. Rosen - Discrete Mathematics and It's Applications",
        "link": "https://www.youseficlass.ir/wp-content/uploads/2023/07/Discrete-Mathematics-and-Its-Applications-8th-Edition.pdf",
        "description": "Source book for Discrete Mathematics - message @maphy01 if you needed a colorfully designed roadmap for it"
      }

    ],
    "physics": [
      {
        "name": "The Organic Chemistry Tutor",
        "link": "https://www.youtube.com/@TheOrganicChemistryTutor",
        "description": "Jack of all trades, literally"
      },
      {
        "name": "Physics Lab",
        "link": "https://www.youtube.com/@physicslab42",
        "description": "Super clear explanations, my personal favorite for physics"
      }
    ],
    "cs": [
      {
        "name": "",
        "link": "",
        "description": ""
      },
      {
        "name": "",
        "link": "",
        "description": ""
      },
      {
        "name": "",
        "link": "",
        "description": ""
      },
      {
        "name": "",
        "link": "",
        "description": ""
      }
    ],
    "python": [
      {
        "name": "",
        "link": "",
        "description": ""
      },
      {
        "name": "",
        "link": "",
        "description": ""
      },
      {
        "name": "",
        "link": "",
        "description": ""
      },
      {
        "name": "",
        "link": "",
        "description": ""
      }
    ],
    "music": [
      {
        "name": "",
        "link": "",
        "description": ""
      },
      {
        "name": "",
        "link": "",
        "description": ""
      },
      {
        "name": "",
        "link": "",
        "description": ""
      },
      {
        "name": "",
        "link": "",
        "description": ""
      }
    ],
    "sealed": {
      "response_text": ""
    }
  }
}